{
  "IcoMoonType": "selection",
  "icons": [
    {
      "icon": {
        "paths": [
          "M614.4 255.966l426.394 477.901h-852.787l426.394-477.901z"
        ],
        "attrs": [
          {}
        ],
        "width": 1229,
        "isMulticolor": false,
        "isMulticolor2": false,
        "grid": 0,
        "tags": [
          "tipSmall"
        ]
      },
      "attrs": [
        {}
      ],
      "properties": {
        "order": 47,
        "id": 17,
        "name": "tip",
        "prevSize": 32,
        "code": 59665
      },
      "setIdx": 0,
      "setId": 2,
      "iconIdx": 0
    },
    {
      "icon": {
        "paths": [
          "M496.787 708.043l-39.597 39.597c-8.067 8.067-2.408 21.894 8.903 22.103l142.568 1.991c7.227 0.105 13.199-5.866 13.095-13.095l-1.991-142.568c-0.105-11.417-13.932-17.075-22.103-8.903l-39.597 39.597-134.816-134.816 134.816-134.816 39.597 39.596c8.065 8.065 21.894 2.408 22.103-8.903l1.991-142.568c0.105-7.227-5.866-13.198-13.095-13.095l-142.568 1.991c-11.417 0.103-17.073 13.932-8.903 22.103l39.597 39.596-134.922 134.92-134.711-134.711 39.597-39.597c8.065-8.065 2.408-21.892-8.905-22.102l-142.567-1.99c-7.227-0.106-13.199 5.865-13.094 13.094l1.991 142.567c0.105 11.419 13.932 17.076 22.102 8.905l39.597-39.597 134.816 134.817-134.712 134.71-39.597-39.597c-8.065-8.067-21.894-2.408-22.103 8.903l-1.99 142.568c-0.105 7.229 5.866 13.201 13.094 13.095l142.567-1.99c11.419-0.106 17.076-13.933 8.905-22.104l-39.597-39.596 134.816-134.817 134.714 134.712z"
        ],
        "attrs": [
          {}
        ],
        "width": 724,
        "isMulticolor": false,
        "isMulticolor2": false,
        "grid": 0,
        "tags": [
          "move"
        ]
      },
      "attrs": [
        {}
      ],
      "properties": {
        "order": 30,
        "id": 16,
        "name": "delete-move",
        "prevSize": 32,
        "code": 59661
      },
      "setIdx": 0,
      "setId": 2,
      "iconIdx": 1
    },
    {
      "icon": {
        "paths": [
          "M512 85.333c117.632 0 213.333 95.701 213.333 213.376 0 117.589-95.701 213.333-213.333 213.333s-213.333-95.744-213.333-213.333c0-117.675 95.701-213.376 213.333-213.376zM512 0c-164.949 0-298.667 133.717-298.667 298.709 0 164.907 133.717 298.667 298.667 298.667s298.667-133.76 298.667-298.667c0-164.992-133.717-298.709-298.667-298.709zM783.744 569.728c-21.205 21.248-45.099 39.723-70.741 55.552 122.539 79.957 186.795 216.875 212.139 313.429h-827.179c24.405-97.707 87.808-234.795 212.181-313.941-25.728-15.957-49.579-34.603-70.741-55.979-181.675 131.072-239.403 362.923-239.403 455.211h1024c0-91.392-61.44-322.432-240.256-454.272z"
        ],
        "attrs": [
          {}
        ],
        "isMulticolor": false,
        "isMulticolor2": false,
        "grid": 0,
        "tags": [
          "user"
        ]
      },
      "attrs": [
        {}
      ],
      "properties": {
        "order": 31,
        "id": 15,
        "name": "user",
        "prevSize": 32,
        "code": 59662
      },
      "setIdx": 0,
      "setId": 2,
      "iconIdx": 2
    },
    {
      "icon": {
        "paths": [
          "M512 1024c56.32 0 102.4-46.080 102.4-102.4h-204.8c0 56.32 46.080 102.4 102.4 102.4zM844.8 716.8v-281.6c0-158.72-107.52-286.72-256-322.56v-35.84c0-40.96-35.84-76.8-76.8-76.8s-76.8 35.84-76.8 76.8v35.84c-148.48 35.84-256 163.84-256 322.56v281.6l-102.4 102.4v51.2h870.4v-51.2l-102.4-102.4z"
        ],
        "attrs": [
          {}
        ],
        "isMulticolor": false,
        "isMulticolor2": false,
        "grid": 0,
        "tags": [
          "notification"
        ]
      },
      "attrs": [
        {}
      ],
      "properties": {
        "order": 32,
        "id": 14,
        "name": "notification",
        "prevSize": 32,
        "code": 59663
      },
      "setIdx": 0,
      "setId": 2,
      "iconIdx": 3
    },
    {
      "icon": {
        "paths": [
          "M582.621 0h441.379v441.379h-441.379v-441.379z",
          "M0 0h441.379v441.379h-441.379v-441.379z",
          "M0 582.621h441.379v441.379h-441.379v-441.379z",
          "M582.621 582.621h441.379v441.379h-441.379v-441.379z"
        ],
        "attrs": [
          {},
          {},
          {},
          {}
        ],
        "isMulticolor": false,
        "isMulticolor2": false,
        "grid": 0,
        "tags": [
          "menu"
        ]
      },
      "attrs": [
        {},
        {},
        {},
        {}
      ],
      "properties": {
        "order": 33,
        "id": 13,
        "name": "menu",
        "prevSize": 32,
        "code": 59664
      },
      "setIdx": 0,
      "setId": 2,
      "iconIdx": 4
    },
    {
      "icon": {
        "paths": [
          "M853.333 520.277v418.389h-853.333v-853.333h779.605l-83.243 85.333h-611.029v682.667h682.667v-246.101l85.333-86.955zM891.904 92.459l-401.237 411.264-187.947-178.176-132.053 132.139 320 310.315 533.333-543.445-132.096-132.096z"
        ],
        "attrs": [
          {}
        ],
        "isMulticolor": false,
        "isMulticolor2": false,
        "tags": [
          "check-mark"
        ],
        "grid": 0
      },
      "attrs": [
        {}
      ],
      "properties": {
        "order": 34,
        "id": 0,
        "name": "check-mark",
        "prevSize": 32,
        "code": 59648
      },
      "setIdx": 0,
      "setId": 2,
      "iconIdx": 5
    },
    {
      "icon": {
        "paths": [
          "M917.291 192l128 130.432-512 509.568-512-509.568 128-130.432 384 384 384-384z"
        ],
        "attrs": [
          {}
        ],
        "isMulticolor": false,
        "isMulticolor2": false,
        "tags": [
          "chevron-down"
        ],
        "grid": 0
      },
      "attrs": [
        {}
      ],
      "properties": {
        "order": 35,
        "id": 1,
        "name": "chevron-down",
        "prevSize": 32,
        "code": 59649
      },
      "setIdx": 0,
      "setId": 2,
      "iconIdx": 6
    },
    {
      "icon": {
        "paths": [
          "M853.333 896l-130.432 128-509.568-512 509.568-512 130.432 128-384 384 384 384z"
        ],
        "attrs": [
          {}
        ],
        "isMulticolor": false,
        "isMulticolor2": false,
        "tags": [
          "chevron-left"
        ],
        "grid": 0
      },
      "attrs": [
        {}
      ],
      "properties": {
        "order": 36,
        "id": 2,
        "name": "chevron-left",
        "prevSize": 32,
        "code": 59650
      },
      "setIdx": 0,
      "setId": 2,
      "iconIdx": 7
    },
    {
      "icon": {
        "paths": [
          "M213.333 128l130.432-128 509.568 512-509.568 512-130.432-128 384-384z"
        ],
        "attrs": [
          {}
        ],
        "isMulticolor": false,
        "isMulticolor2": false,
        "tags": [
          "chevron-right"
        ],
        "grid": 0
      },
      "attrs": [
        {}
      ],
      "properties": {
        "order": 37,
        "id": 3,
        "name": "chevron-right",
        "prevSize": 32,
        "code": 59651
      },
      "setIdx": 0,
      "setId": 2,
      "iconIdx": 8
    },
    {
      "icon": {
        "paths": [
          "M149.291 831.915l-128-130.432 512-509.568 512 509.568-128 130.432-384-384-384 384z"
        ],
        "attrs": [
          {}
        ],
        "isMulticolor": false,
        "isMulticolor2": false,
        "tags": [
          "chevron-up"
        ],
        "grid": 0
      },
      "attrs": [
        {}
      ],
      "properties": {
        "order": 38,
        "id": 4,
        "name": "chevron-up",
        "prevSize": 32,
        "code": 59652
      },
      "setIdx": 0,
      "setId": 2,
      "iconIdx": 9
    },
    {
      "icon": {
        "paths": [
          "M565.333 298.667c0 29.44-23.893 53.333-53.333 53.333s-53.333-23.893-53.333-53.333 23.893-53.333 53.333-53.333 53.333 23.893 53.333 53.333zM1024 512c0 282.752-229.248 512-512 512s-512-229.248-512-512 229.248-512 512-512 512 229.248 512 512zM938.667 512c0-235.264-191.403-426.667-426.667-426.667s-426.667 191.403-426.667 426.667 191.403 426.667 426.667 426.667 426.667-191.403 426.667-426.667zM384 426.667v85.333h85.333v256h85.333v-341.333h-170.667z"
        ],
        "attrs": [
          {}
        ],
        "isMulticolor": false,
        "isMulticolor2": false,
        "tags": [
          "info"
        ],
        "grid": 0
      },
      "attrs": [
        {}
      ],
      "properties": {
        "order": 39,
        "id": 5,
        "name": "info",
        "prevSize": 32,
        "code": 59653
      },
      "setIdx": 0,
      "setId": 2,
      "iconIdx": 10
    },
    {
      "icon": {
        "paths": [
          "M512 0c-179.115 0-341.333 145.195-341.333 324.352 0 179.115 148.011 392.96 341.333 699.648 193.323-306.688 341.333-520.533 341.333-699.648 0-179.157-162.176-324.352-341.333-324.352zM512 469.333c-70.699 0-128-57.301-128-128s57.301-128 128-128 128 57.301 128 128-57.301 128-128 128z"
        ],
        "attrs": [
          {}
        ],
        "isMulticolor": false,
        "isMulticolor2": false,
        "tags": [
          "location"
        ],
        "grid": 0
      },
      "attrs": [
        {}
      ],
      "properties": {
        "order": 40,
        "id": 6,
        "name": "location",
        "prevSize": 32,
        "code": 59654
      },
      "setIdx": 0,
      "setId": 2,
      "iconIdx": 11
    },
    {
      "icon": {
        "paths": [
          "M533.333 94.208c-215.083 0-389.376 174.293-389.376 389.333s174.293 389.376 389.376 389.376c214.997 0 389.333-174.336 389.333-389.376s-174.336-389.333-389.333-389.333zM533.333 789.376c-168.917 0-305.792-136.96-305.792-305.792 0-168.917 136.875-305.835 305.792-305.835 168.875 0 305.792 136.875 305.792 305.835 0 168.832-136.96 305.792-305.792 305.792z"
        ],
        "attrs": [
          {}
        ],
        "isMulticolor": false,
        "isMulticolor2": false,
        "tags": [
          "radio-button"
        ],
        "grid": 0
      },
      "attrs": [
        {}
      ],
      "properties": {
        "order": 41,
        "id": 7,
        "name": "radio-button",
        "prevSize": 32,
        "code": 59655
      },
      "setIdx": 0,
      "setId": 2,
      "iconIdx": 12
    },
    {
      "icon": {
        "paths": [
          "M695.083 481.792c0 89.355-72.437 161.792-161.792 161.792s-161.792-72.437-161.792-161.792c0-89.355 72.437-161.792 161.792-161.792s161.792 72.437 161.792 161.792z",
          "M533.333 94.208c-215.083 0-389.376 174.293-389.376 389.333s174.293 389.376 389.376 389.376c214.997 0 389.333-174.336 389.333-389.376s-174.336-389.333-389.333-389.333zM533.333 789.376c-168.917 0-305.835-136.96-305.835-305.792 0-168.96 136.875-305.835 305.835-305.835 168.832 0 305.792 136.875 305.792 305.835 0 168.832-136.96 305.792-305.792 305.792z"
        ],
        "attrs": [
          {},
          {}
        ],
        "isMulticolor": false,
        "isMulticolor2": false,
        "tags": [
          "radio-button-selected"
        ],
        "grid": 0
      },
      "attrs": [
        {},
        {}
      ],
      "properties": {
        "order": 42,
        "id": 8,
        "name": "radio-button-selected",
        "prevSize": 32,
        "code": 59656
      },
      "setIdx": 0,
      "setId": 2,
      "iconIdx": 13
    },
    {
      "icon": {
        "paths": [
          "M390.187 780.373c-215.125 0-390.187-175.019-390.187-390.187s175.061-390.187 390.187-390.187 390.187 175.061 390.187 390.187-175.019 390.187-390.187 390.187zM390.187 133.248c-141.696 0-256.939 115.285-256.939 256.939s115.285 256.939 256.939 256.939 256.981-115.285 256.981-256.939-115.285-256.939-256.981-256.939zM785.408 664.149c-34.859 50.176-79.019 93.355-129.963 127.189l232.619 232.661 128.597-128.555-231.253-231.296z"
        ],
        "attrs": [
          {}
        ],
        "isMulticolor": false,
        "isMulticolor2": false,
        "tags": [
          "search"
        ],
        "grid": 0
      },
      "attrs": [
        {}
      ],
      "properties": {
        "order": 43,
        "id": 9,
        "name": "search",
        "prevSize": 32,
        "code": 59657
      },
      "setIdx": 0,
      "setId": 2,
      "iconIdx": 14
    },
    {
      "icon": {
        "paths": [
          "M0 85.333h1024l-512 853.333-512-853.333z"
        ],
        "attrs": [
          {}
        ],
        "isMulticolor": false,
        "isMulticolor2": false,
        "tags": [
          "triangle-down"
        ],
        "grid": 0
      },
      "attrs": [
        {}
      ],
      "properties": {
        "order": 44,
        "id": 10,
        "name": "triangle-down",
        "prevSize": 32,
        "code": 59658
      },
      "setIdx": 0,
      "setId": 2,
      "iconIdx": 15
    },
    {
      "icon": {
        "paths": [
          "M1024 938.667h-1024l512-853.333z"
        ],
        "attrs": [
          {}
        ],
        "isMulticolor": false,
        "isMulticolor2": false,
        "tags": [
          "triangle-up"
        ],
        "grid": 0
      },
      "attrs": [
        {}
      ],
      "properties": {
        "order": 45,
        "id": 11,
        "name": "triangle-up",
        "prevSize": 32,
        "code": 59659
      },
      "setIdx": 0,
      "setId": 2,
      "iconIdx": 16
    },
    {
      "icon": {
        "paths": [
          "M938.667 137.344v801.323h-853.333v-853.333h853.333v85.333h-768v682.667h682.667v-714.923l85.333-1.067z"
        ],
        "attrs": [
          {}
        ],
        "isMulticolor": false,
        "isMulticolor2": false,
        "tags": [
          "uncheck-mark"
        ],
        "grid": 0
      },
      "attrs": [
        {}
      ],
      "properties": {
        "order": 46,
        "id": 12,
        "name": "uncheck-mark",
        "prevSize": 32,
        "code": 59660
      },
      "setIdx": 0,
      "setId": 2,
      "iconIdx": 17
    }
  ],
  "height": 1024,
  "metadata": {
    "name": "icomoon"
  },
  "preferences": {
    "showGlyphs": true,
    "showQuickUse": true,
    "showQuickUse2": true,
    "showSVGs": true,
    "fontPref": {
      "prefix": "icon-",
      "metadata": {
        "fontFamily": "icomoon"
      },
      "metrics": {
        "emSize": 1024,
        "baseline": 6.25,
        "whitespace": 50
      },
      "embed": false
    },
    "imagePref": {
      "prefix": "icon-",
      "png": true,
      "useClassSelector": true,
      "color": 0,
      "bgColor": 16777215,
      "classSelector": ".icon"
    },
    "historySize": 100,
    "showCodes": true,
    "gridSize": 16
  }
}