{
    "IcoMoonType": "selection",
    "icons": [
        {
            "icon": {
                "paths": [
                    "M213.333 128l130.432-128 509.568 512-509.568 512-130.432-128 384-384z"
                ],
                "attrs": [
                    {}
                ],
                "isMulticolor": false,
                "isMulticolor2": false,
                "grid": 0,
                "tags": [
                    "iconmonstr-arrow-25"
                ]
            },
            "attrs": [
                {}
            ],
            "properties": {
                "order": 2,
                "id": 5,
                "name": "arrow-right",
                "prevSize": 32,
                "code": 59648
            },
            "setIdx": 0,
            "setId": 2,
            "iconIdx": 0
        },
        {
            "icon": {
                "paths": [
                    "M853.333 520.277v418.389h-853.333v-853.333h779.605l-83.243 85.333h-611.029v682.667h682.667v-246.101l85.333-86.955zM891.904 92.459l-401.237 411.264-187.947-178.176-132.053 132.139 320 310.315 533.333-543.445-132.096-132.096z"
                ],
                "attrs": [
                    {}
                ],
                "isMulticolor": false,
                "isMulticolor2": false,
                "grid": 0,
                "tags": [
                    "iconmonstr-check-mark-13"
                ]
            },
            "attrs": [
                {}
            ],
            "properties": {
                "order": 3,
                "id": 4,
                "name": "check-mark",
                "prevSize": 32,
                "code": 59649
            },
            "setIdx": 0,
            "setId": 2,
            "iconIdx": 1
        },
        {
            "icon": {
                "paths": [
                    "M565.333 298.667c0 29.44-23.893 53.333-53.333 53.333s-53.333-23.893-53.333-53.333 23.893-53.333 53.333-53.333 53.333 23.893 53.333 53.333zM1024 512c0 282.752-229.248 512-512 512s-512-229.248-512-512 229.248-512 512-512 512 229.248 512 512zM938.667 512c0-235.264-191.403-426.667-426.667-426.667s-426.667 191.403-426.667 426.667 191.403 426.667 426.667 426.667 426.667-191.403 426.667-426.667zM384 426.667v85.333h85.333v256h85.333v-341.333h-170.667z"
                ],
                "attrs": [
                    {}
                ],
                "isMulticolor": false,
                "isMulticolor2": false,
                "grid": 0,
                "tags": [
                    "iconmonstr-info-4"
                ]
            },
            "attrs": [
                {}
            ],
            "properties": {
                "order": 4,
                "id": 3,
                "name": "info",
                "prevSize": 32,
                "code": 59650
            },
            "setIdx": 0,
            "setId": 2,
            "iconIdx": 2
        },
        {
            "icon": {
                "paths": [
                    "M512 0c-179.115 0-341.333 145.195-341.333 324.352 0 179.115 148.011 392.96 341.333 699.648 193.323-306.688 341.333-520.533 341.333-699.648 0-179.157-162.176-324.352-341.333-324.352zM512 469.333c-70.699 0-128-57.301-128-128s57.301-128 128-128 128 57.301 128 128-57.301 128-128 128z"
                ],
                "attrs": [
                    {}
                ],
                "isMulticolor": false,
                "isMulticolor2": false,
                "grid": 0,
                "tags": [
                    "iconmonstr-location-1"
                ]
            },
            "attrs": [
                {}
            ],
            "properties": {
                "order": 5,
                "id": 2,
                "name": "location",
                "prevSize": 32,
                "code": 59651
            },
            "setIdx": 0,
            "setId": 2,
            "iconIdx": 3
        },
        {
            "icon": {
                "paths": [
                    "M390.187 780.373c-215.125 0-390.187-175.019-390.187-390.187s175.061-390.187 390.187-390.187 390.187 175.061 390.187 390.187-175.019 390.187-390.187 390.187zM390.187 133.248c-141.696 0-256.939 115.285-256.939 256.939s115.285 256.939 256.939 256.939 256.981-115.285 256.981-256.939-115.285-256.939-256.981-256.939zM785.408 664.149c-34.859 50.176-79.019 93.355-129.963 127.189l232.619 232.661 128.597-128.555-231.253-231.296z"
                ],
                "attrs": [
                    {}
                ],
                "isMulticolor": false,
                "isMulticolor2": false,
                "grid": 0,
                "tags": [
                    "iconmonstr-magnifier-3"
                ]
            },
            "attrs": [
                {}
            ],
            "properties": {
                "order": 6,
                "id": 1,
                "name": "magnifier",
                "prevSize": 32,
                "code": 59652
            },
            "setIdx": 0,
            "setId": 2,
            "iconIdx": 4
        },
        {
            "icon": {
                "paths": [
                    "M1024 938.667h-1024l512-853.333z"
                ],
                "attrs": [
                    {}
                ],
                "isMulticolor": false,
                "isMulticolor2": false,
                "grid": 0,
                "tags": [
                    "iconmonstr-triangle-1"
                ]
            },
            "attrs": [
                {}
            ],
            "properties": {
                "order": 7,
                "id": 0,
                "name": "triangle",
                "prevSize": 32,
                "code": 59653
            },
            "setIdx": 0,
            "setId": 2,
            "iconIdx": 5
        }
    ],
    "height": 1024,
    "metadata": {
        "name": "icomoon"
    },
    "preferences": {
        "showGlyphs": true,
        "showQuickUse": true,
        "showQuickUse2": true,
        "showSVGs": true,
        "fontPref": {
            "prefix": "icon-",
            "metadata": {
                "fontFamily": "icomoon"
            },
            "metrics": {
                "emSize": 1024,
                "baseline": 6.25,
                "whitespace": 50
            },
            "embed": false
        },
        "imagePref": {
            "prefix": "icon-",
            "png": true,
            "useClassSelector": true,
            "color": 0,
            "bgColor": 16777215,
            "classSelector": ".icon"
        },
        "historySize": 100,
        "showCodes": true,
        "gridSize": 16
    }
}