{
    "IcoMoonType": "selection",
    "icons": [
        {
            "icon": {
                "paths": [
                    "M853.333 520.277v418.389h-853.333v-853.333h779.605l-83.243 85.333h-611.029v682.667h682.667v-246.101l85.333-86.955zM891.904 92.459l-401.237 411.264-187.947-178.176-132.053 132.139 320 310.315 533.333-543.445-132.096-132.096z"
                ],
                "attrs": [
                    {}
                ],
                "isMulticolor": false,
                "isMulticolor2": false,
                "grid": 0,
                "tags": [
                    "check-mark"
                ]
            },
            "attrs": [
                {}
            ],
            "properties": {
                "order": 16,
                "id": 12,
                "name": "check-mark",
                "prevSize": 32,
                "code": 59648
            },
            "setIdx": 0,
            "setId": 2,
            "iconIdx": 0
        },
        {
            "icon": {
                "paths": [
                    "M917.291 192l128 130.432-512 509.568-512-509.568 128-130.432 384 384 384-384z"
                ],
                "attrs": [
                    {}
                ],
                "isMulticolor": false,
                "isMulticolor2": false,
                "grid": 0,
                "tags": [
                    "chevron-down"
                ]
            },
            "attrs": [
                {}
            ],
            "properties": {
                "order": 17,
                "id": 11,
                "name": "chevron-down",
                "prevSize": 32,
                "code": 59649
            },
            "setIdx": 0,
            "setId": 2,
            "iconIdx": 1
        },
        {
            "icon": {
                "paths": [
                    "M853.333 896l-130.432 128-509.568-512 509.568-512 130.432 128-384 384 384 384z"
                ],
                "attrs": [
                    {}
                ],
                "isMulticolor": false,
                "isMulticolor2": false,
                "grid": 0,
                "tags": [
                    "chevron-left"
                ]
            },
            "attrs": [
                {}
            ],
            "properties": {
                "order": 18,
                "id": 10,
                "name": "chevron-left",
                "prevSize": 32,
                "code": 59650
            },
            "setIdx": 0,
            "setId": 2,
            "iconIdx": 2
        },
        {
            "icon": {
                "paths": [
                    "M213.333 128l130.432-128 509.568 512-509.568 512-130.432-128 384-384z"
                ],
                "attrs": [
                    {}
                ],
                "isMulticolor": false,
                "isMulticolor2": false,
                "grid": 0,
                "tags": [
                    "chevron-right"
                ]
            },
            "attrs": [
                {}
            ],
            "properties": {
                "order": 19,
                "id": 9,
                "name": "chevron-right",
                "prevSize": 32,
                "code": 59651
            },
            "setIdx": 0,
            "setId": 2,
            "iconIdx": 3
        },
        {
            "icon": {
                "paths": [
                    "M149.291 831.915l-128-130.432 512-509.568 512 509.568-128 130.432-384-384-384 384z"
                ],
                "attrs": [
                    {}
                ],
                "isMulticolor": false,
                "isMulticolor2": false,
                "grid": 0,
                "tags": [
                    "chevron-up"
                ]
            },
            "attrs": [
                {}
            ],
            "properties": {
                "order": 20,
                "id": 8,
                "name": "chevron-up",
                "prevSize": 32,
                "code": 59652
            },
            "setIdx": 0,
            "setId": 2,
            "iconIdx": 4
        },
        {
            "icon": {
                "paths": [
                    "M565.333 298.667c0 29.44-23.893 53.333-53.333 53.333s-53.333-23.893-53.333-53.333 23.893-53.333 53.333-53.333 53.333 23.893 53.333 53.333zM1024 512c0 282.752-229.248 512-512 512s-512-229.248-512-512 229.248-512 512-512 512 229.248 512 512zM938.667 512c0-235.264-191.403-426.667-426.667-426.667s-426.667 191.403-426.667 426.667 191.403 426.667 426.667 426.667 426.667-191.403 426.667-426.667zM384 426.667v85.333h85.333v256h85.333v-341.333h-170.667z"
                ],
                "attrs": [
                    {}
                ],
                "isMulticolor": false,
                "isMulticolor2": false,
                "grid": 0,
                "tags": [
                    "info"
                ]
            },
            "attrs": [
                {}
            ],
            "properties": {
                "order": 21,
                "id": 7,
                "name": "info",
                "prevSize": 32,
                "code": 59653
            },
            "setIdx": 0,
            "setId": 2,
            "iconIdx": 5
        },
        {
            "icon": {
                "paths": [
                    "M512 0c-179.115 0-341.333 145.195-341.333 324.352 0 179.115 148.011 392.96 341.333 699.648 193.323-306.688 341.333-520.533 341.333-699.648 0-179.157-162.176-324.352-341.333-324.352zM512 469.333c-70.699 0-128-57.301-128-128s57.301-128 128-128 128 57.301 128 128-57.301 128-128 128z"
                ],
                "attrs": [
                    {}
                ],
                "isMulticolor": false,
                "isMulticolor2": false,
                "grid": 0,
                "tags": [
                    "location"
                ]
            },
            "attrs": [
                {}
            ],
            "properties": {
                "order": 22,
                "id": 6,
                "name": "location",
                "prevSize": 32,
                "code": 59654
            },
            "setIdx": 0,
            "setId": 2,
            "iconIdx": 6
        },
        {
            "icon": {
                "paths": [
                    "M533.333 94.208c-215.083 0-389.376 174.293-389.376 389.333s174.293 389.376 389.376 389.376c214.997 0 389.333-174.336 389.333-389.376s-174.336-389.333-389.333-389.333zM533.333 789.376c-168.917 0-305.792-136.96-305.792-305.792 0-168.917 136.875-305.835 305.792-305.835 168.875 0 305.792 136.875 305.792 305.835 0 168.832-136.96 305.792-305.792 305.792z"
                ],
                "attrs": [
                    {}
                ],
                "isMulticolor": false,
                "isMulticolor2": false,
                "grid": 0,
                "tags": [
                    "radio-button"
                ]
            },
            "attrs": [
                {}
            ],
            "properties": {
                "order": 23,
                "id": 5,
                "name": "radio-button",
                "prevSize": 32,
                "code": 59655
            },
            "setIdx": 0,
            "setId": 2,
            "iconIdx": 7
        },
        {
            "icon": {
                "paths": [
                    "M695.083 481.792c0 89.355-72.437 161.792-161.792 161.792s-161.792-72.437-161.792-161.792c0-89.355 72.437-161.792 161.792-161.792s161.792 72.437 161.792 161.792z",
                    "M533.333 94.208c-215.083 0-389.376 174.293-389.376 389.333s174.293 389.376 389.376 389.376c214.997 0 389.333-174.336 389.333-389.376s-174.336-389.333-389.333-389.333zM533.333 789.376c-168.917 0-305.835-136.96-305.835-305.792 0-168.96 136.875-305.835 305.835-305.835 168.832 0 305.792 136.875 305.792 305.835 0 168.832-136.96 305.792-305.792 305.792z"
                ],
                "attrs": [
                    {},
                    {}
                ],
                "isMulticolor": false,
                "isMulticolor2": false,
                "grid": 0,
                "tags": [
                    "radio-button-selected"
                ]
            },
            "attrs": [
                {},
                {}
            ],
            "properties": {
                "order": 24,
                "id": 4,
                "name": "radio-button-selected",
                "prevSize": 32,
                "code": 59656
            },
            "setIdx": 0,
            "setId": 2,
            "iconIdx": 8
        },
        {
            "icon": {
                "paths": [
                    "M390.187 780.373c-215.125 0-390.187-175.019-390.187-390.187s175.061-390.187 390.187-390.187 390.187 175.061 390.187 390.187-175.019 390.187-390.187 390.187zM390.187 133.248c-141.696 0-256.939 115.285-256.939 256.939s115.285 256.939 256.939 256.939 256.981-115.285 256.981-256.939-115.285-256.939-256.981-256.939zM785.408 664.149c-34.859 50.176-79.019 93.355-129.963 127.189l232.619 232.661 128.597-128.555-231.253-231.296z"
                ],
                "attrs": [
                    {}
                ],
                "isMulticolor": false,
                "isMulticolor2": false,
                "grid": 0,
                "tags": [
                    "search"
                ]
            },
            "attrs": [
                {}
            ],
            "properties": {
                "order": 25,
                "id": 3,
                "name": "search",
                "prevSize": 32,
                "code": 59657
            },
            "setIdx": 0,
            "setId": 2,
            "iconIdx": 9
        },
        {
            "icon": {
                "paths": [
                    "M0 85.333h1024l-512 853.333-512-853.333z"
                ],
                "attrs": [
                    {}
                ],
                "isMulticolor": false,
                "isMulticolor2": false,
                "grid": 0,
                "tags": [
                    "triangle-down"
                ]
            },
            "attrs": [
                {}
            ],
            "properties": {
                "order": 26,
                "id": 2,
                "name": "triangle-down",
                "prevSize": 32,
                "code": 59658
            },
            "setIdx": 0,
            "setId": 2,
            "iconIdx": 10
        },
        {
            "icon": {
                "paths": [
                    "M1024 938.667h-1024l512-853.333z"
                ],
                "attrs": [
                    {}
                ],
                "isMulticolor": false,
                "isMulticolor2": false,
                "grid": 0,
                "tags": [
                    "triangle-up"
                ]
            },
            "attrs": [
                {}
            ],
            "properties": {
                "order": 27,
                "id": 1,
                "name": "triangle-up",
                "prevSize": 32,
                "code": 59659
            },
            "setIdx": 0,
            "setId": 2,
            "iconIdx": 11
        },
        {
            "icon": {
                "paths": [
                    "M938.667 137.344v801.323h-853.333v-853.333h853.333v85.333h-768v682.667h682.667v-714.923l85.333-1.067z"
                ],
                "attrs": [
                    {}
                ],
                "isMulticolor": false,
                "isMulticolor2": false,
                "grid": 0,
                "tags": [
                    "uncheck-mark"
                ]
            },
            "attrs": [
                {}
            ],
            "properties": {
                "order": 28,
                "id": 0,
                "name": "uncheck-mark",
                "prevSize": 32,
                "code": 59660
            },
            "setIdx": 0,
            "setId": 2,
            "iconIdx": 12
        }
    ],
    "height": 1024,
    "metadata": {
        "name": "icomoon"
    },
    "preferences": {
        "showGlyphs": true,
        "showQuickUse": true,
        "showQuickUse2": true,
        "showSVGs": true,
        "fontPref": {
            "prefix": "icon-",
            "metadata": {
                "fontFamily": "icomoon"
            },
            "metrics": {
                "emSize": 1024,
                "baseline": 6.25,
                "whitespace": 50
            },
            "embed": false
        },
        "imagePref": {
            "prefix": "icon-",
            "png": true,
            "useClassSelector": true,
            "color": 0,
            "bgColor": 16777215,
            "classSelector": ".icon"
        },
        "historySize": 100,
        "showCodes": true,
        "gridSize": 16
    }
}