{
  "IcoMoonType": "selection",
  "icons": [
    {
      "icon": {
        "paths": [
          "M938.667 137.344v801.323h-853.333v-853.333h853.333v85.333h-768v682.667h682.667v-714.923l85.333-1.067z"
        ],
        "attrs": [
          {}
        ],
        "isMulticolor": false,
        "isMulticolor2": false,
        "grid": 0,
        "tags": [
          "uncheck-mark"
        ]
      },
      "attrs": [
        {}
      ],
      "properties": {
        "order": 99,
        "id": 17,
        "name": "uncheck-mark",
        "prevSize": 32,
        "code": 59665
      },
      "setIdx": 0,
      "setId": 2,
      "iconIdx": 0
    },
    {
      "icon": {
        "paths": [
          "M533.333 94.208c-215.083 0-389.376 174.293-389.376 389.333s174.293 389.376 389.376 389.376c214.997 0 389.333-174.336 389.333-389.376s-174.336-389.333-389.333-389.333zM533.333 789.376c-168.917 0-305.792-136.96-305.792-305.792 0-168.917 136.875-305.835 305.792-305.835 168.875 0 305.792 136.875 305.792 305.835 0 168.832-136.96 305.792-305.792 305.792z"
        ],
        "attrs": [
          {}
        ],
        "isMulticolor": false,
        "isMulticolor2": false,
        "tags": [
          "radio-button"
        ],
        "grid": 0
      },
      "attrs": [
        {}
      ],
      "properties": {
        "order": 82,
        "id": 0,
        "name": "radio-button",
        "prevSize": 32,
        "code": 59648
      },
      "setIdx": 0,
      "setId": 2,
      "iconIdx": 1
    },
    {
      "icon": {
        "paths": [
          "M695.083 481.792c0 89.355-72.437 161.792-161.792 161.792s-161.792-72.437-161.792-161.792c0-89.355 72.437-161.792 161.792-161.792s161.792 72.437 161.792 161.792z",
          "M533.333 94.208c-215.083 0-389.376 174.293-389.376 389.333s174.293 389.376 389.376 389.376c214.997 0 389.333-174.336 389.333-389.376s-174.336-389.333-389.333-389.333zM533.333 789.376c-168.917 0-305.835-136.96-305.835-305.792 0-168.96 136.875-305.835 305.835-305.835 168.832 0 305.792 136.875 305.792 305.835 0 168.832-136.96 305.792-305.792 305.792z"
        ],
        "attrs": [
          {},
          {}
        ],
        "isMulticolor": false,
        "isMulticolor2": false,
        "tags": [
          "radio-button-selected"
        ],
        "grid": 0
      },
      "attrs": [
        {},
        {}
      ],
      "properties": {
        "order": 83,
        "id": 1,
        "name": "radio-button-selected",
        "prevSize": 32,
        "code": 59649
      },
      "setIdx": 0,
      "setId": 2,
      "iconIdx": 2
    },
    {
      "icon": {
        "paths": [
          "M597.333 810.667v-3.541c-50.261 29.227-108.459 46.208-170.667 46.208-188.203 0-341.333-153.131-341.333-341.333s153.131-341.333 341.333-341.333c62.208 0 120.405 16.981 170.667 46.208v-95.787c-52.352-22.869-109.909-35.755-170.667-35.755-235.605 0-426.667 191.019-426.667 426.667s191.061 426.667 426.667 426.667c60.757 0 118.315-12.885 170.667-35.755v-92.245zM768 401.408l126.421 110.592-126.421 110.592v-67.925h-341.333v-85.333h341.333v-67.925zM682.667 213.333v170.667h-341.333v256h341.333v170.667l341.333-298.667-341.333-298.667z"
        ],
        "attrs": [
          {}
        ],
        "isMulticolor": false,
        "isMulticolor2": false,
        "tags": [
          "log-out"
        ],
        "grid": 0
      },
      "attrs": [
        {}
      ],
      "properties": {
        "order": 84,
        "id": 2,
        "name": "log-out",
        "prevSize": 32,
        "code": 59650
      },
      "setIdx": 0,
      "setId": 2,
      "iconIdx": 3
    },
    {
      "icon": {
        "paths": [
          "M512 85.333c235.264 0 426.667 191.403 426.667 426.667s-191.403 426.667-426.667 426.667-426.667-191.403-426.667-426.667 191.403-426.667 426.667-426.667zM512 0c-282.752 0-512 229.248-512 512s229.248 512 512 512 512-229.248 512-512-229.248-512-512-512zM768 554.667h-213.333v213.333h-85.333v-213.333h-213.333v-85.333h213.333v-213.333h85.333v213.333h213.333v85.333z"
        ],
        "attrs": [
          {}
        ],
        "isMulticolor": false,
        "isMulticolor2": false,
        "tags": [
          "add"
        ],
        "grid": 0
      },
      "attrs": [
        {}
      ],
      "properties": {
        "order": 85,
        "id": 3,
        "name": "add",
        "prevSize": 32,
        "code": 59651
      },
      "setIdx": 0,
      "setId": 2,
      "iconIdx": 4
    },
    {
      "icon": {
        "paths": [
          "M512 85.333c235.264 0 426.667 191.403 426.667 426.667s-191.403 426.667-426.667 426.667-426.667-191.403-426.667-426.667 191.403-426.667 426.667-426.667zM512 0c-282.752 0-512 229.248-512 512s229.248 512 512 512 512-229.248 512-512-229.248-512-512-512zM768 686.677l-177.365-175.104 174.933-176.683-78.891-78.891-175.147 177.451-177.323-175.019-78.208 78.251 177.536 175.787-175.104 177.365 78.251 78.165 175.701-177.451 176.768 175.019 78.848-78.891z"
        ],
        "attrs": [
          {}
        ],
        "isMulticolor": false,
        "isMulticolor2": false,
        "tags": [
          "x-mark"
        ],
        "grid": 0
      },
      "attrs": [
        {}
      ],
      "properties": {
        "order": 86,
        "id": 4,
        "name": "x-mark",
        "prevSize": 32,
        "code": 59652
      },
      "setIdx": 0,
      "setId": 2,
      "iconIdx": 5
    },
    {
      "icon": {
        "paths": [
          "M288.807 762.289l388.766-421.849 388.805 421.849z"
        ],
        "width": 1325,
        "attrs": [
          {}
        ],
        "isMulticolor": false,
        "isMulticolor2": false,
        "tags": [
          "arrowup"
        ],
        "grid": 0
      },
      "attrs": [
        {}
      ],
      "properties": {
        "order": 87,
        "id": 5,
        "name": "arrowup",
        "prevSize": 32,
        "code": 59653
      },
      "setIdx": 0,
      "setId": 2,
      "iconIdx": 6
    },
    {
      "icon": {
        "paths": [
          "M1066.378 340.441l-388.766 421.849-388.805-421.849z"
        ],
        "width": 1325,
        "attrs": [
          {}
        ],
        "isMulticolor": false,
        "isMulticolor2": false,
        "tags": [
          "arrowdown"
        ],
        "grid": 0
      },
      "attrs": [
        {}
      ],
      "properties": {
        "order": 88,
        "id": 6,
        "name": "arrowdown",
        "prevSize": 32,
        "code": 59654
      },
      "setIdx": 0,
      "setId": 2,
      "iconIdx": 7
    },
    {
      "icon": {
        "paths": [
          "M832 640c-105.984 0-192 85.973-192 192s86.016 192 192 192c105.899 0 192-85.973 192-192s-86.101-192-192-192zM938.667 853.333h-213.333v-42.667h213.333v42.667zM853.333 170.667h-853.333v-85.333h243.669c38.4 0 69.589-46.891 69.589-85.333h226.816c0 38.443 31.147 85.333 69.589 85.333h243.669v85.333zM554.667 832c0-54.059 15.787-104.405 42.667-147.115v-258.219c0-23.552 19.072-42.667 42.667-42.667s42.667 19.115 42.667 42.667v172.032c37.504-24.107 81.109-39.339 128-42.923v-299.776h-768v768h589.653c-47.957-49.877-77.653-117.461-77.653-192zM256 853.333c0 23.552-19.072 42.667-42.667 42.667s-42.667-19.115-42.667-42.667v-426.667c0-23.552 19.072-42.667 42.667-42.667s42.667 19.115 42.667 42.667v426.667zM469.333 853.333c0 23.552-19.072 42.667-42.667 42.667s-42.667-19.115-42.667-42.667v-426.667c0-23.552 19.072-42.667 42.667-42.667s42.667 19.115 42.667 42.667v426.667z"
        ],
        "attrs": [
          {}
        ],
        "isMulticolor": false,
        "isMulticolor2": false,
        "tags": [
          "delete"
        ],
        "grid": 0
      },
      "attrs": [
        {}
      ],
      "properties": {
        "order": 89,
        "id": 7,
        "name": "delete",
        "prevSize": 32,
        "code": 59655
      },
      "setIdx": 0,
      "setId": 2,
      "iconIdx": 8
    },
    {
      "icon": {
        "paths": [
          "M853.333 520.277v418.389h-853.333v-853.333h779.605l-83.243 85.333h-611.029v682.667h682.667v-246.101l85.333-86.955zM891.904 92.459l-401.237 411.264-187.947-178.176-132.053 132.139 320 310.315 533.333-543.445-132.096-132.096z"
        ],
        "attrs": [
          {}
        ],
        "isMulticolor": false,
        "isMulticolor2": false,
        "tags": [
          "check-mark"
        ],
        "grid": 0
      },
      "attrs": [
        {}
      ],
      "properties": {
        "order": 90,
        "id": 8,
        "name": "check-mark",
        "prevSize": 32,
        "code": 59656
      },
      "setIdx": 0,
      "setId": 2,
      "iconIdx": 9
    },
    {
      "icon": {
        "paths": [
          "M359.424 524.032l187.819 187.691-248.576 56.277 60.757-243.968zM1024 236.117l-413.397 418.304-193.536-193.536 413.397-418.219 193.536 193.451zM768 616.533v279.467h-682.667v-512h287.701l84.395-85.333h-457.429v682.667h853.333v-451.115l-85.333 86.315z"
        ],
        "attrs": [
          {}
        ],
        "isMulticolor": false,
        "isMulticolor2": false,
        "tags": [
          "edit"
        ],
        "grid": 0
      },
      "attrs": [
        {}
      ],
      "properties": {
        "order": 91,
        "id": 9,
        "name": "edit",
        "prevSize": 32,
        "code": 59657
      },
      "setIdx": 0,
      "setId": 2,
      "iconIdx": 10
    },
    {
      "icon": {
        "paths": [
          "M512 85.333c235.264 0 426.667 191.403 426.667 426.667s-191.403 426.667-426.667 426.667c-235.264 0-426.667-191.403-426.667-426.667s191.403-426.667 426.667-426.667zM512 0c-282.752 0-512 229.248-512 512s229.248 512 512 512 512-229.248 512-512-229.248-512-512-512zM565.333 725.333c0 29.397-23.851 53.333-53.333 53.333-29.397 0-53.333-23.936-53.333-53.333s23.936-53.333 53.333-53.333c29.483 0 53.333 23.936 53.333 53.333zM624.768 298.752c-25.899-26.283-64.64-40.747-108.843-40.747-93.013 0-153.173 66.133-153.173 168.533h85.803c0-63.403 35.371-85.888 65.621-85.888 27.093 0 55.765 17.963 58.197 52.309 2.645 36.139-16.64 54.485-41.045 77.696-60.245 57.301-61.355 84.992-61.099 147.968h85.504c-0.512-28.331 1.323-51.328 39.936-92.928 28.928-31.147 64.853-69.888 65.536-128.939 0.469-39.424-12.117-73.344-36.437-98.005z"
        ],
        "attrs": [
          {}
        ],
        "isMulticolor": false,
        "isMulticolor2": false,
        "tags": [
          "faq"
        ],
        "grid": 0
      },
      "attrs": [
        {}
      ],
      "properties": {
        "order": 92,
        "id": 10,
        "name": "faq",
        "prevSize": 32,
        "code": 59658
      },
      "setIdx": 0,
      "setId": 2,
      "iconIdx": 11
    },
    {
      "icon": {
        "paths": [
          "M512 85.333c235.264 0 426.667 191.403 426.667 426.667s-191.403 426.667-426.667 426.667-426.667-191.403-426.667-426.667 191.403-426.667 426.667-426.667zM512 0c-282.752 0-512 229.248-512 512s229.248 512 512 512 512-229.248 512-512-229.248-512-512-512zM554.667 768h-85.333v-341.333h85.333v341.333zM512 245.333c29.44 0 53.333 23.893 53.333 53.333s-23.893 53.333-53.333 53.333-53.333-23.893-53.333-53.333 23.893-53.333 53.333-53.333z"
        ],
        "attrs": [
          {}
        ],
        "isMulticolor": false,
        "isMulticolor2": false,
        "tags": [
          "info"
        ],
        "grid": 0
      },
      "attrs": [
        {}
      ],
      "properties": {
        "order": 93,
        "id": 11,
        "name": "info",
        "prevSize": 32,
        "code": 59659
      },
      "setIdx": 0,
      "setId": 2,
      "iconIdx": 12
    },
    {
      "icon": {
        "paths": [
          "M1104.562 335.471l-395.442-206.18h-115.823l-406.706 206.18v559.282h917.971v-559.282zM983.663 448.467v308.402h-681.249v-308.402h48.195l217.288 149.704h158.186l222.876-149.704h34.705z"
        ],
        "width": 1291,
        "attrs": [
          {}
        ],
        "isMulticolor": false,
        "isMulticolor2": false,
        "tags": [
          "mail"
        ],
        "grid": 0
      },
      "attrs": [
        {}
      ],
      "properties": {
        "order": 94,
        "id": 12,
        "name": "mail",
        "prevSize": 32,
        "code": 59660
      },
      "setIdx": 0,
      "setId": 2,
      "iconIdx": 13
    },
    {
      "icon": {
        "paths": [
          "M973.995 883.328l-222.933-224.512c49.835-68.48 79.189-152.789 79.189-243.669 0.085-228.907-186.155-415.147-415.104-415.147-228.907 0-415.147 186.24-415.147 415.147 0 228.949 186.24 415.147 415.147 415.147 86.784 0 167.339-26.752 234.112-72.448l224.341 225.92 100.395-100.437zM121.771 415.147c0-161.792 131.627-293.419 293.419-293.419s293.376 131.627 293.376 293.419c0 161.792-131.584 293.419-293.376 293.419-161.835 0-293.419-131.669-293.419-293.419z"
        ],
        "attrs": [
          {}
        ],
        "isMulticolor": false,
        "isMulticolor2": false,
        "tags": [
          "search"
        ],
        "grid": 0
      },
      "attrs": [
        {}
      ],
      "properties": {
        "order": 95,
        "id": 13,
        "name": "search",
        "prevSize": 32,
        "code": 59661
      },
      "setIdx": 0,
      "setId": 2,
      "iconIdx": 14
    },
    {
      "icon": {
        "paths": [
          "M682.667 682.667h-128v213.333h-85.333v-213.333h-128l170.667-170.667 170.667 170.667zM831.104 430.592c-9.045-168.576-148.181-302.592-319.104-302.592s-310.059 134.016-319.104 302.592c-109.653 19.755-192.896 115.456-192.896 230.741 0 129.579 105.088 234.667 234.667 234.667h149.333v-85.333h-149.333c-82.347 0-149.333-66.987-149.333-149.333 0-119.339 105.771-163.541 189.141-158.72-7.125-179.968 94.208-289.28 237.525-289.28 147.328 0 251.349 119.339 237.525 289.28 74.453-1.963 189.141 32.043 189.141 158.72 0 82.347-66.987 149.333-149.333 149.333h-149.333v85.333h149.333c129.579 0 234.667-105.088 234.667-234.667 0-115.285-83.243-210.987-192.896-230.741z"
        ],
        "attrs": [
          {}
        ],
        "isMulticolor": false,
        "isMulticolor2": false,
        "tags": [
          "upload"
        ],
        "grid": 0
      },
      "attrs": [
        {}
      ],
      "properties": {
        "order": 96,
        "id": 14,
        "name": "upload",
        "prevSize": 32,
        "code": 59662
      },
      "setIdx": 0,
      "setId": 2,
      "iconIdx": 15
    },
    {
      "icon": {
        "paths": [
          "M512 85.333c117.632 0 213.333 95.701 213.333 213.376 0 117.589-95.701 213.333-213.333 213.333s-213.333-95.744-213.333-213.333c0-117.675 95.701-213.376 213.333-213.376zM512 0c-164.949 0-298.667 133.717-298.667 298.709 0 164.907 133.717 298.667 298.667 298.667s298.667-133.76 298.667-298.667c0-164.992-133.717-298.709-298.667-298.709zM783.744 569.728c-21.205 21.248-45.099 39.723-70.741 55.552 122.539 79.957 186.795 216.875 212.139 313.429h-827.179c24.405-97.707 87.808-234.795 212.181-313.941-25.728-15.957-49.579-34.603-70.741-55.979-181.675 131.072-239.403 362.923-239.403 455.211h1024c0-91.392-61.44-322.432-240.256-454.272z"
        ],
        "attrs": [
          {}
        ],
        "isMulticolor": false,
        "isMulticolor2": false,
        "tags": [
          "user"
        ],
        "grid": 0
      },
      "attrs": [
        {}
      ],
      "properties": {
        "order": 97,
        "id": 15,
        "name": "user",
        "prevSize": 32,
        "code": 59663
      },
      "setIdx": 0,
      "setId": 2,
      "iconIdx": 16
    },
    {
      "icon": {
        "paths": [
          "M512 0c-164.949 0-298.667 133.717-298.667 298.709 0 164.907 133.717 298.667 298.667 298.667s298.667-133.76 298.667-298.667c0-164.992-133.717-298.709-298.667-298.709zM720.981 512c-21.205 21.248-64.213 21.504-89.856 37.333 122.539 79.957-124.928-89.429-99.541 7.125l-110.208-3.541c24.405-97.707-156.373 84.48-32 5.333-25.771-15.915-65.195-24.875-86.357-46.251-258.56 168.917-303.019 419.712-303.019 512h1024c0-91.435-56.875-392.875-303.019-512z"
        ],
        "attrs": [
          {}
        ],
        "isMulticolor": false,
        "isMulticolor2": false,
        "tags": [
          "user-filled"
        ],
        "grid": 0
      },
      "attrs": [
        {}
      ],
      "properties": {
        "order": 98,
        "id": 16,
        "name": "user-filled",
        "prevSize": 32,
        "code": 59664
      },
      "setIdx": 0,
      "setId": 2,
      "iconIdx": 17
    }
  ],
  "height": 1024,
  "metadata": {
    "name": "icomoon"
  },
  "preferences": {
    "showGlyphs": true,
    "showQuickUse": true,
    "showQuickUse2": true,
    "showSVGs": true,
    "fontPref": {
      "prefix": "icon-",
      "metadata": {
        "fontFamily": "icomoon"
      },
      "metrics": {
        "emSize": 1024,
        "baseline": 6.25,
        "whitespace": 50
      },
      "embed": false
    },
    "imagePref": {
      "prefix": "icon-",
      "png": true,
      "useClassSelector": true,
      "color": 0,
      "bgColor": 16777215,
      "classSelector": ".icon"
    },
    "historySize": 100,
    "showCodes": true,
    "gridSize": 16
  }
}